{
  "publications": [
    {
      "title": "[Paper Title 1]",
      "authors": [
        "Author 1*",
        "Author 2*",
        "Author 3",
        "Author 4",
        "Author 5",
        "Author 6",
        "Author 7",
        "Author 8",
        "Author 9",
        "Author 10",
        "Author 11†",
        "Author 12†"
      ],
      "venue": "Preprint (2025)",
      "thumbnail": "images/thumbs/1.jpg",
      "selected": 1,
      "award": "",
      "links": {
        "pdf": "#",
        "code": "#",
        "project": "#"
      }
    },
    {
      "title": "[Paper Title 2]",
      "authors": [
        "Author 1*",
        "Author 2*",
        "Author 3",
        "Author 4",
        "Author 5",
        "Author 6",
        "Author 7",
        "Author 8",
        "Author 9",
        "Author 10",
        "Author 11"
      ],
      "venue": "Preprint (2025)",
      "thumbnail": "images/thumbs/2.jpg",
      "selected": 0,
      "award": "",
      "links": {
        "pdf": "#"
      }
    }
  ]
}